{"cameraMode":{"drawMode":0,"name":"Shaded","section":"Shading Mode"},"sceneLighting":false,"audioPlay":false,"sceneViewState":{"showFog":true,"showMaterialUpdate":false,"showSkybox":false,"showFlares":true,"showImageEffects":true,"showParticleSystems":true},"in2DMode":false,"pivot":{"x":-25.000001907348634,"y":0.015988528728485109,"z":25.00009536743164},"rotation":{"x":0.38207030296325686,"y":0.10033473372459412,"z":-0.04177188128232956,"w":0.9177216291427612},"size":59.046051025390628,"orthographic":true}