{"cameraMode":{"drawMode":0,"name":"Shaded","section":"Shading Mode"},"sceneLighting":false,"audioPlay":false,"sceneViewState":{"showFog":true,"showMaterialUpdate":false,"showSkybox":false,"showFlares":true,"showImageEffects":true,"showParticleSystems":true},"in2DMode":false,"pivot":{"x":-4.140480995178223,"y":0.7011003494262695,"z":-15.017125129699707},"rotation":{"x":0.037272803485393527,"y":-0.9437048435211182,"z":0.12943485379219056,"w":0.3032912015914917},"size":2.5480475425720217,"orthographic":true}