{"cameraMode":{"drawMode":0,"name":"Shaded","section":"Shading Mode"},"sceneLighting":true,"audioPlay":false,"sceneViewState":{"showFog":true,"showMaterialUpdate":false,"showSkybox":true,"showFlares":true,"showImageEffects":true,"showParticleSystems":true},"in2DMode":false,"pivot":{"x":92.38003540039063,"y":6.859684467315674,"z":-8.800039291381836},"rotation":{"x":-0.011756311170756817,"y":-0.9913133978843689,"z":0.09220252186059952,"w":-0.0980817973613739},"size":1.607279658317566,"orthographic":true}