{"cameraMode":{"drawMode":0,"name":"Shaded","section":"Shading Mode"},"sceneLighting":false,"audioPlay":false,"sceneViewState":{"showFog":true,"showMaterialUpdate":false,"showSkybox":false,"showFlares":true,"showImageEffects":true,"showParticleSystems":true},"in2DMode":false,"pivot":{"x":0.25414642691612246,"y":0.28826114535331728,"z":-1.1292961835861207},"rotation":{"x":0.08549807965755463,"y":-0.13914994895458222,"z":0.014135349541902542,"w":0.9869490265846252},"size":0.5775745511054993,"orthographic":true}