{"cameraMode":{"drawMode":0,"name":"Shaded","section":"Shading Mode"},"sceneLighting":false,"audioPlay":false,"sceneViewState":{"showFog":true,"showMaterialUpdate":false,"showSkybox":false,"showFlares":true,"showImageEffects":true,"showParticleSystems":true},"in2DMode":false,"pivot":{"x":-25.0006103515625,"y":-1.327111005783081,"z":25.000102996826173},"rotation":{"x":0.38207030296325686,"y":0.10033473372459412,"z":-0.04177188128232956,"w":0.9177216291427612},"size":116.77970123291016,"orthographic":true}