{"cameraMode":{"drawMode":0,"name":"Shaded","section":"Shading Mode"},"sceneLighting":false,"audioPlay":false,"sceneViewState":{"showFog":true,"showMaterialUpdate":false,"showSkybox":false,"showFlares":true,"showImageEffects":true,"showParticleSystems":true},"in2DMode":false,"pivot":{"x":-50.000492095947269,"y":-0.004863083362579346,"z":50.00006103515625},"rotation":{"x":0.38207030296325686,"y":0.10033473372459412,"z":-0.04177188128232956,"w":0.9177216291427612},"size":233.35079956054688,"orthographic":true}