{"cameraMode":{"drawMode":0,"name":"Shaded","section":"Shading Mode"},"sceneLighting":false,"audioPlay":false,"sceneViewState":{"showFog":true,"showMaterialUpdate":false,"showSkybox":false,"showFlares":true,"showImageEffects":true,"showParticleSystems":true},"in2DMode":false,"pivot":{"x":0.6780705451965332,"y":0.024937868118286134,"z":-0.4584007263183594},"rotation":{"x":0.38207030296325686,"y":0.10033473372459412,"z":-0.04177188128232956,"w":0.9177216291427612},"size":18.567893981933595,"orthographic":true}