{"cameraMode":{"drawMode":0,"name":"Shaded","section":"Shading Mode"},"sceneLighting":false,"audioPlay":false,"sceneViewState":{"showFog":true,"showMaterialUpdate":false,"showSkybox":false,"showFlares":true,"showImageEffects":true,"showParticleSystems":true},"in2DMode":false,"pivot":{"x":0.01721706986427307,"y":0.3149782121181488,"z":0.015182942152023316},"rotation":{"x":-0.07479063421487808,"y":0.9194883108139038,"z":-0.2376781702041626,"w":-0.3052977919578552},"size":1.6272163391113282,"orthographic":true}