{"cameraMode":{"drawMode":0,"name":"Shaded","section":"Shading Mode"},"sceneLighting":false,"audioPlay":false,"sceneViewState":{"showFog":true,"showMaterialUpdate":false,"showSkybox":false,"showFlares":true,"showImageEffects":true,"showParticleSystems":true},"in2DMode":false,"pivot":{"x":-0.05511806905269623,"y":0.23554657399654389,"z":-0.023282356560230256},"rotation":{"x":-0.08307265490293503,"y":-0.8880727291107178,"z":0.16534554958343507,"w":-0.42175260186195376},"size":0.634547233581543,"orthographic":true}